Name,Price,Link
"Erazer Deputy 15 P1 MD62764 Intel Core 5 210H 16GB 1TB SSD RTX5060 Freedos 15.6"" 144Hz Fhd IPS Taşınabilir Bilgisayar",47.999 TL,https://adservice.hepsiburada.com/event/api/v1/track?event=MmltSjNaMGRzVVV0YnJaNnR6UnZvK0U3RStmREowdTJFOGZTelY0UHRwODdRdGU0WGJXWWdoSDB5aEg4MDVFc1VsK1NRY2Q3VmhqaG1rT3dBM1crL1dMWVBrMXF6ZkdqUGpRR3VBbm9lS0RsZ2FVcjd1bks2d1NDc25qOWlJQ054MDFDSnRVNnpFRWlsUFIwakdyRmhhZ056ZjVLQ213QXhEbklPbno1ajR4dDF5RHBxME51cU9OeitMOEdkZFhCT2l1SWc5RlREendCS1NyZ0EyT2U0aC9TMUlPb0ljUlFkOTQvTXJOY0V1OUFySkZQeXJnZTJaUnFRYjJPVFRXZzc3ZVl1ZDlkdEtwQVM3WEx5VXQ0NGNQNUkySFhOenhoeGI1RXR4TFN4UU5wNVliRUNEaWpHU3RzdDRWOGdPYmZPRHJ6ZDhYdTYvb200bFZGdmsySmM3Z1RRS09IMHo5cnRGTDBrUHBsYjRSU0lRelhIT1lxL21GS2tncnkvTzNTdmZ6VTh6NExXSnBCdzNhVm92QjRrVE1wWGNDU0RWUmszNStNcncza0FKZ1B4ZHp4M0hsbkkrV1J3cm9Wb3NhdDI3NlRpU2MxZy9EdThzb3JuS2JtaEVSR1ZUSmRBNXJkNTZZdk5Ra0xBc0tmVzRZaEE1WFFpR2xyN1kxemxIdWpqWnF5cXRCSEZaRm5SSXZjUnZHMWZLUm5KbzcyU0k1WHhTRjI1RnVHb0hz&redirect=https%3A%2F%2Fwww.hepsiburada.com%2Ferazer-deputy-15-p1-md62764-intel-core-5-210h-16gb-1tb-ssd-rtx5060-freedos-15-6-144hz-fhd-ips-tasinabilir-bilgisayar-p-HBCV00009FHJ60%3Fmagaza%3DHepsiburada&eventName=sp-click&platform=desktop&anonymousId=bfa841d7-2f04-40c2-87ec-f2aa6e55dd43
"MSI CYBORG 15 A13VE-1252XTR Intel Core i5 13420H 16GB 512GB SSD RTX4050 Freedos 15.6"" FHD Taşınabilir Bilgisayar",36.490 TL,https://www.hepsiburada.com/msi-cyborg-15-a13ve-1252xtr-intel-core-i5-13420h-16gb-512gb-ssd-rtx4050-freedos-15-6-fhd-tasinabilir-bilgisayar-pm-HBC00006IUW8W
"Apple MacBook Air M4 16GB 256GB SSD macOS 15"" Taşınabilir Bilgisayar Gök Mavisi MC7A4TU/A",60.599 TL,https://adservice.hepsiburada.com/event/api/v1/track?event=akNQM2xHWUg5ZFVOT2tnYTRtSDJWZlU4VUNMcVBEUU94dzZ2MG5QMzl3aVA0cmllQnpWNUIxMXhOZDBiYVk0R2liRWRBbjhzaUlQTGdvcjkwcTFrME5lS1JXWFlwQW8rVE5IOEhjRXhIVDdlVjhFUVRGaHhZcjVuWVRCN1Vlem9hL0VPemNMQzVzVC9sU2pxeHVUbmx3V0pkbkt5UG5lRnBjZEhDT0xFVHkzOC9VbHVneGtBVE0zTW5IdktxK2tIYk0raGRpZ1haZEdYbDRnNWNsenMyZUtnWnpGR0p2ZjB1Q3N0THpKV2k0cFZKaDI5ZkRYZVJ5R3F0SVBYZHFYSzhmRGFzNmxIU29jdWM0L25obmpjeUxPSDF4aFh2Q2dETXJTZXp5RWlTQkg0aUFCdE9HbjVSU0dDaUdXZk1mOW9RRFQ0UzRMVXJuUndYeGh5dmNtMkNNOUJMaTBzYVpZT1VPSVRnbUZydGFOMW9lWmRRUzd2OC9DaEYzaXFxT1N1L3FnQWZFTnNzMFRHZlJWVmhGL2hFK3h0SmI3ZFgrY2F4Y3l1THAvWEN2ejlCdkFtTUJ6YkFJNFF3QjBvREVFMUd3cUpFUFRRZTBVUHRXWWtSRFZGRHU3UFJMTVgxSHhRSjZqV3VUR1RsVlkyaDlDR0VZTXBDdFgzbkc5cHJ0NmlOWWRnUnh3RHVsRGdaYzdEd0VzcFpZV0hpRXJmM3o0U005aVdWWDJGOHlJ&redirect=https%3A%2F%2Fwww.hepsiburada.com%2Fapple-macbook-air-m4-16gb-256gb-ssd-macos-15-tasinabilir-bilgisayar-gok-mavisi-mc7a4tu-a-p-HBCV00008749NG%3Fmagaza%3DHepsiburada&eventName=sp-click&platform=desktop&anonymousId=bfa841d7-2f04-40c2-87ec-f2aa6e55dd43
"Lenovo Ideapad Slim 3 Intel Celeron N100 4GB 128GB Windows 11 Home 15.6"" FHD Taşınabilir Bilgisayar 82XB009GTX",8.999 TL,https://www.hepsiburada.com/lenovo-ideapad-slim-3-intel-celeron-n100-4gb-128gb-windows-11-home-15-6-fhd-tasinabilir-bilgisayar-82xb009gtx-pm-HBC00008O183I
"Lenovo Ideapad Slim 3 Intel Core i5 13420H 16GB 512GB SSD 15.3"" WUXGA IPS Freedos Taşınabilir Bilgisayar 83K1003MTR",21.999 TL,https://www.hepsiburada.com/lenovo-ideapad-slim-3-intel-core-i5-13420h-16gb-512gb-ssd-freedos-15-3-wuxga-tasinabilir-bilgisayar-83k1003mtr-pm-HBC00008O31RA
"MSI THIN 15 B13UC-3074XTR Intel Core i5 13420H 16GB 512GB SSD RTX3050 Freedos 15.6"" FHD 144Hz Taşınabilir Bilgisayar","31.170,50 TL",https://www.hepsiburada.com/msi-thin-15-b13uc-3074xtr-intel-core-i5-13420h-16gb-512gb-ssd-rtx3050-freedos-15-6-fhd-144hz-tasinabilir-bilgisayar-pm-HBC00008QM2JK
"Casper Excalibur G870 Intel Core i7 13620H 24GB 1TB SSD RTX5060 Freedos 15.6"" 165Hz Taşınabilir Bilgisayar G870.1362-CF60X-C",51.799 TL,https://www.hepsiburada.com/casper-excalibur-g870-intel-core-i7-13620h-24gb-1tb-ssd-rtx5060-freedos-15-6-165hz-tasinabilir-bilgisayar-g870-1362-cf60x-c-pm-HBC0000A9HHKW
"Lenovo IdeaPad Slim 3 Intel Core i5 13420H 8GB 512GB SSD Freedos 15.6"" FHD Taşınabilir Bilgisayar 83EM00C7TR",21.999 TL,https://www.hepsiburada.com/lenovo-ideapad-slim-3-intel-core-i5-13420h-8gb-512gb-ssd-freedos-15-6-fhd-tasinabilir-bilgisayar-83em00c7tr-pm-HBC00009PPGDY
"Apple MacBook Air M4 16GB 256GB SSD macOS 15"" Taşınabilir Bilgisayar Gümüş MW1G3TU/A",60.699 TL,https://adservice.hepsiburada.com/event/api/v1/track?event=ZldwUXd2T1JtZitjOU1HbEVSZnRVRHZQb0NnUi80SGlGenZnMEdKbzkrWC90SDR4cnlSN05wUmFhdURjeDg4emppMU1nd0J5U2xvLzUwYks0YTBXMW5VUmZYZ2ZKampnM3I5U2V1ekJNUVIyWXM4aHZORktqRWZDSXh5RU9lUVFZM29UckpIekdYOE1DVEE5ZWdyTkcrSDY3VnloQmI2bHE4L2FyT0RScjNKV3JhdkV2Nktvb2d6ZUkvdjlQUVlXWUN5UkM5OUc3dzFlenNRRmJwcHg4c2duRGZyb1cxQU1XbGRMUU90bEw0d3hwcURuNmdvQmVPK0FKYnpNZ1NwRUVVZFZNZG5xaW9RYm40UElXeU1VUWFxNmdlSTNTa2g5cDIxZGhtOWdzN1owSkthVWowVnd6S2VlRlF1NlAzU1ZMWUl5SUlYdFMvN2t6TTREcDliM1BGVTZGRzNuOVVEaUJwdW5JM3R3ZHNwa0J4dEY0ai9sUTE5dy8wTXNXUFBVN3dCTkw4eFgybmRyUjUzOTJlcUZaZjcxaE1aSXgrTXY2OVp0b044SnE5S3NYZzlZa0pSQWUrUjZ4NEdNK0tLb0hOcmRWNlBKSDlibDNvRDJZMkYvNDQvdGp4U3A3djljdlBmeVAzbmJhL1UrK3dnWWV6WHpNOUc1aWt6Wk1MaE8zNWxRRXRnRjlFTU5xZE1PYWprQi85L1h2dGlsMWNuLzRoSHhXckViQ0pN&redirect=https%3A%2F%2Fwww.hepsiburada.com%2Fapple-macbook-air-m4-16gb-256gb-ssd-macos-15-tasinabilir-bilgisayar-gumus-mw1g3tu-a-p-HBCV00008749UT%3Fmagaza%3DHepsiburada&eventName=sp-click&platform=desktop&anonymousId=bfa841d7-2f04-40c2-87ec-f2aa6e55dd43
"Lenovo IdeaPad Slim 3 AMD Ryzen 7 5825U 8GB 512GB SSD Freedos 15.6"" FHD Taşınabilir Bilgisayar 82XM00U8TX","17.137,28 TL",https://www.hepsiburada.com/lenovo-ideapad-slim-3-amd-ryzen-7-5825u-8gb-512gb-ssd-freedos-15-6-fhd-tasinabilir-bilgisayar-82xm00u8tx-pm-HBC00009POGNP
"Erazer Defender 17 P1 MD62757 Intel Core i7 13620H 16GB 1TB SSD RTX5060 Freedos 17.3"" Taşınabilir Bilgisayar",51.999 TL,https://adservice.hepsiburada.com/event/api/v1/track?event=YzVycXh3YWxKTHJuS0JVOWc0KzVnUEV2NFI4b0lUWHFCVDVlNFZrbTFOazh3Si9rUGdiK0VGVHNTN0ZRV2tqRS9WU0lxWXFmNmpMeTB5VDhDMHdCSHdDUURyZ1ZNSWo2QndWdENFcTFUL0VxUld3NFp3cEw0QXZwcEVtUHVRUG0rQ05UWm9jTkxRcGVkY1B6bEYzd09LL04zMGF0OFRVVWZXZEIrdzk4bUtpbE5YTkZvaHlFSlR6S2tmNGZERmR6aHRkb3ZCWTZtY1haR08xQjcvRHAyemdua1BUOXRxQ2N0RkMrTk5LMSs5UGlPKzdsU05mTmwxR1g4czZMb0M2eEJwWkpmaENKYmt4K3h6M0tQUjlYMGxRVlpnbzZtRS9WbVlLcG8rOVJRcEJSWVhIMll2V21nM0xwYnBkQkQ5WkZKRDUycDBCZnlzV2x5bjduaDlqRk1NS2pDTzE0eTE5Nkc3N241VTZ1SmNmYlc3VnNQeG5tTXRXbTJnbngvUVphekhqWlE3bW5pS3hKaWJ3VEJ6K0tieXNjTUo0ZGt0ZXFqb3BranlwZU5mNmVtMkQ4Z2dCTjA3Vk9XaUxiNDNJLzB2YzBlNjNhVWhpTHo1aHpWWm1TVEtFdGJNaVRYUjVuT3dGYXF1eGloaHNackxsUXhPUVdSWDdhWFFFZU1Ra1VtQ1ltNGp1bW9PcnZuc2ZHaVF6YVdya1Z2cGFtMmtOaGd4NitnNzQrS2JF&redirect=https%3A%2F%2Fwww.hepsiburada.com%2Ferazer-defender-17-p1-md62757-intel-core-i7-13620h-16gb-1tb-ssd-rtx5060-freedos-17-3-tasinabilir-bilgisayar-p-HBCV0000AKZ9KA%3Fmagaza%3DHepsiburada&eventName=sp-click&platform=desktop&anonymousId=bfa841d7-2f04-40c2-87ec-f2aa6e55dd43
"Apple MacBook Air M4 16GB 256GB SSD macOS 15"" Taşınabilir Bilgisayar Gece Yarısı MW1L3TU/A",60.499 TL,https://adservice.hepsiburada.com/event/api/v1/track?event=ZWxvRmpCRFByOWVBaUZ4dGUwa1VUUmtOc3lxay95SGcvdkVxZkYwUm4vdmNQdnBtZkVNMndVRm9IQzFOQ0N3Y3cyd2Fwc0Z5L1ZScytQOVpUOGk0K1orSyt6UjRsK3kxRW1kR2phSEFKaUZEY3dySUZlazIwVk9CMnB1QXZsbGt4RTJxbEJ1b3dOZWc5WXdtTDllbUxVUU45VzZyWWZTUHJxZDlISGJHaTlWRTFUMmM2WVAveFczaFBYVUc1U1c3c1prbHBGUEoyWWh4WitYdC93U29XU0QyWlFTTE9Cc1RXWk1lbWRMTFJDT0hvMngwd1dacFZhU3RlT3U2MWVwODNxbFZtL1d4V2JkbHhZQUJHWm4rTFhPbEJYV3ZkWFNJVDFnYVFLdzJkTXN6K2FuQjJ1c3ZaTjEwc2ZKUW42eXZqTWFTb0k2RWJ0Q2FWSWk5Ykdob0REMG5uR2VTYTZnMW1hZFFlUHJVYkowcXlPdS9lYzhWcllFcEF5TXo2WWM3ZGhHZTlsWFRxWEs0R1JKaS95cWE2L2VORitBQmIxY0JxYzZja29EUm9naGtacTRkaTBhOWU5NFlVajhvbEI3TkRuM3RtQU9zZU15SVFYWmlHd0ZHNnNpZlBMaHNjYVpLeEc5T2FUaDM5WjI4R3dvZzVaeVhrN2J1czdjTVE3VUdBcDhtZVMyZk1ha0E2OFpFZkJ6OUxHRlpzdVR4RHJnOFVjeW9kRlpWMFlN&redirect=https%3A%2F%2Fwww.hepsiburada.com%2Fapple-macbook-air-m4-16gb-256gb-ssd-macos-15-tasinabilir-bilgisayar-gece-yarisi-mw1l3tu-a-p-HBCV00008749XP%3Fmagaza%3DHepsiburada&eventName=sp-click&platform=desktop&anonymousId=bfa841d7-2f04-40c2-87ec-f2aa6e55dd43
Acer Aspire Lite AL16-54P Intel Core i5 1334U 16GB 512GB SSD Freedos 15.6'' FHD Taşınabilir Bilgisayar NX.D76EY.001,18.999 TL,https://www.hepsiburada.com/acer-aspire-lite-al16-54p-intel-core-i5-1334u-16gb-512gb-ssd-freedos-15-6-fhd-tasinabilir-bilgisayar-nx-d76ey-001-pm-HBC0000A10UR2
"Dell Vostro 3530 N3404PVNB3530U08 I5-1334U 16GB 512SSD 15.6"" Fhd Windows 11 Pro Taşınabilir Bilgisayar-CNT009","26.960,78 TL",https://adservice.hepsiburada.com/event/api/v1/track?event=THppZ0ZaZTRhUFh3Zmx3R1djeFVFRWp5eDRtZXdVMzlhYS9pb1lQZnNFcmNIOWpNaHdCYVU1d0NNNmc4OG1IZWUxakVvc0d6R2ErakZIajJtOVZaa3pVaHdUNXpVVTBiQ1BEVHRiaUVDWnM5N2dBNXFHb2U1a0VvNVBWanAyRzVvMlp5WVUyWXdySjUxb211VDA3SU9lL3l5WlVXQVFWNjZ0MUdEQldid0JXWnNvQ0FtNVNaSXhDb1czdEtQODIzSUtrTHdOVDE3MHY4ZWY2ekZYTzFZanc1UXo4Y2ROSjZwQ0pTenhVVENjYUkzcnpBWlJZNHdDc0JyeGVrMG85TUxUeTB6Y3Vzd0ZYWlZrSU4xRkVTRzdWa2pBdWhaVzZBUU1zNVpMV3NFY2VSRE1ocnZtUkFoY3dTSDEyNEx5dTJkNGVzZnFZSmdMeVpGTFNUYURVT1BMVHQ1T1RKRGpHTUQ2eElkbko3WUNyeVVzbmk2dHQrTnExZXRDOG5MUEZZN2ovMG5zbHk2UnZ0TVJSNkxQTk4zQjc0dVlZTzdpUnl1N3V1S2IxaDZ2MzFyTk5OcWEyS2FUeFEzVEFyc2RLckZyblJrdWFzUWxoUnJ5SFpBYVM1bDRETVRrUVA5Z09WcXdqMi9nRG42SGs3UU1XOTJjZkNHdjFGVVduN2lZemF5R05RTVlyOTJjMUxlc2lrNk05RUtFb3MwRU5nS1I2NGMwZzhwUmFJS3RV&redirect=https%3A%2F%2Fwww.hepsiburada.com%2Fdell-vostro-3530-n3404pvnb3530u08-i5-1334u-16gb-512ssd-15-6-fhd-windows-11-pro-tasinabilir-bilgisayar-cnt009-p-HBCV000077K5H2%3Fmagaza%3Dteknoraks&eventName=sp-click&platform=desktop&anonymousId=bfa841d7-2f04-40c2-87ec-f2aa6e55dd43
"Game Garaj Slayer X7T-5060 C2 Intel Core I7 14650HX 32GB Ram 1tb SSD RTX5060 16"" Qhd+ 180Hz IPS Freedos Oyuncu Laptop",57.999 TL,https://www.hepsiburada.com/game-garaj-slayer-x7t-5060-c2-intel-core-i7-14650hx-32gb-ram-1tb-ssd-rtx5060-16-qhd-180hz-ips-freedos-oyuncu-laptop-p-HBCV00009MEIBK
"HP 15 FC0059NT AMD Ryzen 7 7730U 16GB 512GB SSD Freedos 15.6"" FHD Taşınabilir Bilgisayar 8M1T1EA","19.903,40 TL",https://www.hepsiburada.com/hp-15-fc0059nt-amd-ryzen-7-7730u-16gb-512gb-ssd-freedos-15-6-fhd-tasinabilir-bilgisayar-8m1t1ea-pm-HBC000050XW3W
"Huawei Matebook D14 2024 Intel Core Intel Core i5 12450H 16GB 512GB SSD Windows 11 Home 14"" Taşınabilir Bilgisayar",24.499 TL,https://www.hepsiburada.com/huawei-matebook-d14-2024-intel-core-intel-core-i5-12450h-16gb-512gb-ssd-windows-11-home-14-tasinabilir-bilgisayar-pm-HBC000065LN09
"Hp Victus 16-S1011NT 9Z791EA R7-8845HS 32 GB 1 TB NVME M.2 SSD 8 GB RTX4060 16.1"" Freedos","53.346,23 TL",https://adservice.hepsiburada.com/event/api/v1/track?event=eFNvS2gycjhxQzJxbVdOcm1vQlk2WDN5Ri9QWlEyVjRQYURsVXJqcVBEWDBsUkZ6ekI3cmtKNDUyV0U2UzZGTkFtSlFhUTFpOGF2S1BLU3ZwTDBEUFJ4RUFDSDl2RmZjNklJR2t0VlFTNndYbTVqbkthLzAwcUNTQmdlcnk4Y0poK014Z3lkcDlTWVhFeEhXV1AyZkdpejA3K1A3cDhqNDhzWE1GUVh4djg0Y1RSL2t5S2s5cUE1ZkRQSnlqaDVicHdxc0YrNFpNNnFoZ0NzVEQ3SVI1MVROM3I4N0FNZkd6NUxGTW1CM1dEbjh3WHVRK25zblo3bDVxVnBqaC84SGVEclZjT0VUREZ0Y2FuSVErU0hXOFd4OGU3cWUwam16UUd5Nm5YVHFjeDJ5Z2F5RE9VNGJqVlVnTEtaVVhUbDJDaHJDL2VLSXBsL1pmR29ZNU1HRmJEUHFLd2FSM1o2U3BQVzYwWlVncEVhOXQ5Nm9PMnhRd2ZYZ0FDUjVOdWd3UjdseFlLVkZmWVpJRGVhNmZnbVkwWjZwUzkvNktQVWJCajBoVktXV0IvVFdHbFhOTzJhQW9tZFNPK29pWFRhQ0ZFS0tZUzF3M2dQc1JrWEVtR1VyWXZraENqWXNxd1Bqa0tKaDJmZjVGTTFLejVNRlBmeTl4Mll4QTBWRmxidm83SDFPZzV4YWpSN1lJRUdIbDVxNjdTdTRSMWlEVVE3Z04rb1RyRERjR2JB&redirect=https%3A%2F%2Fwww.hepsiburada.com%2Fhp-victus-16-s1011nt-9z791ea-r7-8845hs-32-gb-1-tb-nvme-m-2-ssd-8-gb-rtx4060-16-1-freedos-p-HBCV00006GO131%3Fmagaza%3DHP+Store+T%C3%BCrkiye&eventName=sp-click&platform=desktop&anonymousId=bfa841d7-2f04-40c2-87ec-f2aa6e55dd43
Hp Omen 16-AP0019NT C12CNEA Amd Ryzen 9-8940HX 32GB Ram 1tb SSD 8gb Geforce RTX5070 16 Inç 2k 144Hz Freedos Siyah Taşınabilir Bilgisayar,"78.450,84 TL",https://adservice.hepsiburada.com/event/api/v1/track?event=MVdaNEw4bW1maXFBRjFnQW51eGpCTHoxbTBPYy8rZG9Iejg0eGNYbTFzWVZZRXNFTVJONGhLTER3TmpaUHBlU3N2R1NHQTZDUnFiaTg2NXlockVFZkRQVEF5Q21qUVdmSEk1MDEvWFMxRzd4ek9xaXQvUzZmaGxmbSt4cUliZVYzNXA3b01hMm1rcDFhMEFiQnN6RlkvRTRHUHMxaUd6L2VQYlJBS05GcGxtc2pocTRJTXRYTHFRTWluT2U5cmhZK01LY3lJNTl0UGxyNk91MU52V1JsSGZOWjg2dlJFZGhGbVhKb3lvTG0vT2tFOGFQNzU1dnJydWpWK285ajk2OHlkMXhNZUVHaU1XQVJEd0swbjNhTVhqcG45a2s3K1ZYREZTT0NjSmc4Y0lrdVJnNVhhSCttMUs4U3M4KzlTVzE5NnEvZkVyRDBVeHVXWFNwczZRdnllL01TRGFkU05US1FjS2JRaXVSUkFrakhaRnJYM3BOYVZVWGtLdDZ6eHRiU3YvTVJZUElZeWM1ZE5oMTZkK2YrRUJEY09RTGk3NHN4V3hiU0NzYUdsUktkb1NEd1BFMnpJUG1oelpCMHo1dDlsRzg4NUJET2V6ZzZVS0p0TkRoUTJCYWI2c29qaDBqc1RqeUQ2Y0hwd0pqOGdYdGE0OG03eW0yc1NWM3l2R3VkT0xvcmxXTVBWQ0RzNllvOXZ3UDlXdHF3NDVIcGN6RTFQVCtPZ1l1YWlZ&redirect=https%3A%2F%2Fwww.hepsiburada.com%2Fhp-omen-16-ap0019nt-c12cnea-amd-ryzen-9-8940hx-32gb-ram-1tb-ssd-8gb-geforce-rtx5070-16-inc-2k-144hz-freedos-siyah-tasinabilir-bilgisayar-p-HBCV00009YWYMK%3Fmagaza%3DHP+Store+T%C3%BCrkiye&eventName=sp-click&platform=desktop&anonymousId=bfa841d7-2f04-40c2-87ec-f2aa6e55dd43
"Lenovo IdeaPad Slim 3 Intel Core i3 1315U 8GB 512GB SSD Freedos 15.6"" FHD Taşınabilir Bilgisayar 82X700G0TX","17.112,40 TL",https://www.hepsiburada.com/lenovo-ideapad-slim-3-intel-core-i3-1315u-8gb-512gb-ssd-freedos-15-6-fhd-tasinabilir-bilgisayar-82x700g0tx-pm-HBC00009PYLS9
"Apple MacBook Air M2 16GB 256GB SSD macOS 13"" Taşınabilir Bilgisayar Gece Yarısı MC7X4TU/A",37.799 TL,https://www.hepsiburada.com/apple-macbook-air-m2-16gb-256gb-ssd-macos-13-tasinabilir-bilgisayar-gece-yarisi-mc7x4tu-a-pm-HBC000078JE62
"Apple MacBook Air M4 16GB 256GB SSD macOS 13"" Taşınabilir Bilgisayar Gök Mavisi MC6T4TU/A","48.116,11 TL",https://www.hepsiburada.com/apple-macbook-air-m4-16gb-256gb-ssd-macos-13-tasinabilir-bilgisayar-gok-mavisi-mc6t4tu-a-p-HBCV00008749EE
"Casper Excalibur G870 Intel Core 5 210H 32GB 1TB RTX5060 Freedos 15.6"" Taşınabilir Bilgisayar G870.210H-DF60X-C",50.599 TL,https://www.hepsiburada.com/casper-excalibur-g870-intel-core-5-210h-32gb-1tb-rtx5060-freedos-15-6-tasinabilir-bilgisayar-g870-210h-df60x-c-pm-HBC000095GHIR
"Hp Probook 450 G10 969H2ET018 I7-1355U 32 GB 1TB SSD 15.6"" Fhd Windows 11 Pro Taşınabilir Bilgisayar-CNT019","53.213,02 TL",https://adservice.hepsiburada.com/event/api/v1/track?event=T201Q21xdnVYb3BJeTJNZnRTd1Fsb0JjSDhRdTlmSmcvTEVVeW5pN1ptTEZyRzlDZXFCNlhYd3FUZWg0L1U3S2VtTDhSM0V5bGQzenVDNnAxYXBWK043cVhuOFNGcDg4eDFYeitGRDJSaXNtaThPclQ2ZmJESk80WDlwaWhXQittbldJeDhFNnpVM2dsT2FTQnpXMnQwN2VOajU2UUN5YldzNWxwalU4c3VOdTJEMVh5UzJySGdwL1JRWUVCMHRuYlRjT0FIRlorYkhoVmxidnorZFNQNFlGRFlWRWRuMkZCTTk3WlpXTHlOdHFvUmVUN1FjQnVaeXJBaUg4MWNqQTZhSStsMTRkbEl6UU1tY0pta1FBSWdSZXhKRnBlU0RDYXJvdDM3OVVOZTNDaTJrK0tLcnVlYWtYTWgyQk45YVhHdTVoTTlNTjc2dldaL2JoTC9YcFZvRHJrdjdxSHM4ZDkvM3EwY1dmaUgwamhCalJqcHV3Z2pQdWg3ZEFmZnlvSGxVSjNpaldHWE9uZkdrU2dVNVBlM0lXbUFPNWdLUjAwOGRvSFpYL2RPR1dLNUx0cHlabkQ5T1pXRFZFZ3RzR3J5TzlYcS9YMnQ1aUp1enBtMnNqanhpUVhtRFlpSC92cjdGYzlIZEVxbmVXMEthcmZkNklLeUVmMCt0QnpzWERDOTN6eGNRMFkyS2wwVjBBcVNYNTJvSjhMN2dGWnBjUXJEREYwYTluVmtN&redirect=https%3A%2F%2Fwww.hepsiburada.com%2Fhp-probook-450-g10-969h2et018-i7-1355u-32-gb-1tb-ssd-15-6-fhd-windows-11-pro-tasinabilir-bilgisayar-cnt019-p-HBCV0000892EN1%3Fmagaza%3Dteknoraks&eventName=sp-click&platform=desktop&anonymousId=bfa841d7-2f04-40c2-87ec-f2aa6e55dd43
"Acer Aspire Lite AL15-71P Intel Core i5 12450H 8GB 512GB SSD Freedos 15.6"" FHD Taşınabilir Bilgisayar NX.J7MEY.001",17.499 TL,https://www.hepsiburada.com/acer-aspire-lite-al15-71p-intel-core-i5-12450h-8gb-512gb-ssd-freedos-15-6-fhd-tasinabilir-bilgisayar-nx-j7mey-001-pm-HBC00008A1HDZ
"Lenovo Ideapad Slim 3 16IRH10 Intel Core I5-13420H 16GB 512GB SSD 16"" Wuxga (1920X1200) IPS Panel Freedos Taşınabilir Dizüstü Bilgisayar 83K20073TR",25.999 TL,https://www.hepsiburada.com/lenovo-ideapad-slim-3-16irh10-intel-core-i5-13420h-16gb-512gb-ssd-16-wuxga-1920x1200-ips-panel-freedos-tasinabilir-dizustu-bilgisayar-83k20073tr-pm-HBC00009P0ZN3
"Casper Nirvana S100 300NIT i7-13620H 32GB DDR5 1TB SSD 16"" Freedos Laptop S100.1362-DF00X-G-F",30.499 TL,https://www.hepsiburada.com/casper-nirvana-s100-300nit-i7-13620h-32gb-ddr5-1tb-ssd-16-freedos-laptop-s100-1362-df00x-g-f-p-HBCV00007XO5VN
"Game Garaj Slayer X7T-5070 C2 Intel Core I7 14650HX 32GB Ram 1tb SSD RTX5070 16"" Qhd+ 180Hz IPS Freedos Oyuncu Laptop",65.199 TL,https://www.hepsiburada.com/game-garaj-slayer-x7t-5070-c2-intel-core-i7-14650hx-32gb-ram-1tb-ssd-rtx5070-16-qhd-180hz-ips-freedos-oyuncu-laptop-p-HBCV00009MMCJR
"Dell Vostro 3530 N3404PVNB3530U11 I5-1334U 32GB 1tbssd 15.6"" Fhd Windows 11 Pro Taşınabilir Bilgisayar-CNT012","39.989,88 TL",https://adservice.hepsiburada.com/event/api/v1/track?event=MGpPZUgvRk5iM05oWDVWTGpXRGgvMmo2UVJoczFGdVRzZlNmcVNOaXlobHVXMXhnQnEvOXlwek9iQVU5NDVqNDcxSkFML0FYK2FQTXdjNDBoQURHcFdVV3h4YzJuV3QzZnVqdHp2MlZUTzI5NG5jbWo3SWp6QVBrYit1elk1UGd3VDRQYUZOd0NRc0hIeVN1N05EcWpWbHdIV3liSVgwRXRCNXlYazlHZmJXZTNYNkM5eVVBYUtsblBrcjRjUk04U0F5OGY1VnlFYno1MW1IYkJ0WWhneENNSzFUd1Rma1dqMWYwOUJMUXJNSFN0UUpnVXZRazhiTUJibm0wZmRTQnlhdlA0MUl6NDVYVngyUXZpTzBCN2hsMGxIdVEzMkdkK3BIanJCcy9LN3JxdGxmeFFiTGZTT1hkcFVLdTJsckxLdWJCNTRWTEppN3ZSYWk4R2U1WXB0ME50ZS9ZeGp2YjRCS2twWkEyS0FNNUFiRGVvMnhyTTA5L1JJblV6RmNoU29RSU9kRzJjVWQ1cWdoamdOQ1h5U3g0c1FaVk1wQnMzODFBcjlTNEp0VEVFV0xGaG9FK1M0aDcrOWx4Ti9sQTdZVWZwRzdtWEpqTThnczNsYnRSZGRZMUt6NlQxUmN0b2d3M0J3VElkMlRwNzNzV2ZLTWgrN0dRRUY5OTk2TFB0NVkwQ0VzbmdpaEU5emYrbTRxUlpCaURlR2N0TjhFMWw2NTV2cGlscVZN&redirect=https%3A%2F%2Fwww.hepsiburada.com%2Fdell-vostro-3530-n3404pvnb3530u11-i5-1334u-32gb-1tbssd-15-6-fhd-windows-11-pro-tasinabilir-bilgisayar-cnt012-p-HBCV000077K4BU%3Fmagaza%3Dteknoraks&eventName=sp-click&platform=desktop&anonymousId=bfa841d7-2f04-40c2-87ec-f2aa6e55dd43
Hp Victus 16-S0065NT 8W8A7EA Amd Ryzen 7-7840HS 32GB Ram 1tb SSD 8gb Geforce Rtx 4070 16.1 Inç Fhd Freedos Mavi,"58.753,17 TL",https://adservice.hepsiburada.com/event/api/v1/track?event=b2c0L0JZSDFNRGdjQnpEUFBDVlBJZ3IzRWFSM1YxQ0Jlc25LU0NxcloweVpVa2xnWWc5c0FTcDI1MkIybWZQdWFicUFyM2FoTWpIYm5DNFhLVkJRWDRtRkNyZWJGb2psVkRNdGczNVVhc2tFaHhwOWFlb1B4UmNxaktxUzkvb0pCV3E1VytocmdhUW9aMnpLd0xpOHBFM3haQTJnSTMwcWVVVGQ3VTVOc01TdWNSSFhUYit6U3VHRW9QdGpha1BjWlhCbWNRVFJ4RzN2czR1TGNWdm4rODRFN05mN2k2MDBGdXM4RnRTMUIyYkdUYVdJVkhxK1ZGNERRcDVZemNXWHAvclpxekR1OW1mWjJUMWphdWZnQUdybkxkZE9wNStsamNDQ2hQY0VDOTRBSnhmSU5yc3NzK3pZWFVuY0o0Zm1GV2V3ZDMrZVpxSmJmOUJkeFBwNTVYL2pldmtJWWRVS09Cdk0ySHAvQ1ZJaktNU0tmMnVnMUVza1BBMmhRU3ZDK2I4ZUlPYTMvR282dXZWajNyUjV5YlpQUklrWEhqUzNYSG11RzNrSUJtTy9nWlM1N1RoTytnbjNQUkxKYXBjaWp0MmtFTW9FQS9tRjBaK1pTRnprMlliUnluK1BrZitPK2pCcTN6KzJ3SmhhRG5yWXlDcWozVnhNLzlZT2tubnlsYmJZYXB5b1FQdXp1cmlzeWRGbVY1ZDdJTXBmYm95UHAyYTNOMEZLcmc=&redirect=https%3A%2F%2Fwww.hepsiburada.com%2Fhp-victus-16-s0065nt-8w8a7ea-amd-ryzen-7-7840hs-32gb-ram-1tb-ssd-8gb-geforce-rtx-4070-16-1-inc-fhd-freedos-mavi-p-HBCV000054MZCM%3Fmagaza%3DHP+Store+T%C3%BCrkiye&eventName=sp-click&platform=desktop&anonymousId=bfa841d7-2f04-40c2-87ec-f2aa6e55dd43
"Casper Excalibur G870 Intel Core i7 13620H 16GB 1TB SSD RTX3050 Freedos 15.6"" 165Hz Taşınabilir Bilgisayar G870.1362-BFJ0X-C",37.999 TL,https://www.hepsiburada.com/casper-excalibur-g870-intel-core-i7-13620h-16gb-1tb-ssd-rtx3050-freedos-15-6-165hz-tasinabilir-bilgisayar-g870-1362-bfj0x-c-pm-HBC00009HRI6V
Asus Tuf Gaming F16 FX607VJ-RL058 6gb RTX3050 Intel Core 5 210H 16GB Ram 512GB SSD 16 Inç Fhd+ 144Hz,"31.919,99 TL",https://www.hepsiburada.com/asus-tuf-gaming-f16-fx607vj-rl058-6gb-rtx3050-intel-core-5-210h-16gb-ram-512gb-ssd-16-inc-fhd-144hz-pm-HBC000099OE5Z
"Acer Nitro Lite NH.DAAEY.001 I5-13420H 16 GB 512 GB SSD RTX3050-6GB 165Hz 16"" Wuxga Freedos Taşınabilir Bilgisayar",29.449 TL,https://www.hepsiburada.com/acer-niro-lite-nh-daaey-001-i5-13420h-16-gb-512-gb-ssd-rtx3050-6gb-165hz-16-wuxga-freedos-tasinabilir-bilgisayar-pm-HBC00009U4LFA
"Apple MacBook Air M4 16GB 256GB SSD macOS 13"" Taşınabilir Bilgisayar Gece Yarısı MW123TU/A","48.116,11 TL",https://www.hepsiburada.com/apple-macbook-air-m4-16gb-256gb-ssd-macos-13-tasinabilir-bilgisayar-gece-yarisi-mw123tu-a-p-HBCV00008748TV
"Dell Vostro 3530 N1601PVNB3530U02 I7-1355U 16GB 512SSD 15.6"" Fullhd FreeFreedso Taşınabilir Bilgisayar Taşınabilir BILGISAYAR-CNT003","32.312,56 TL",https://adservice.hepsiburada.com/event/api/v1/track?event=eVlYRzJxakNIeEs1ODhSMTFlNVB2czA2VitDbmdIdkJlMUlxNzJBeldrNDBUN3BCWU5Takt2L2pXb3VxUjRXYmZnSXdFN1VXTVIyNzJOc2JBS1RvMEd6d241UVhNZHhpaVZOd2MzUUlNU3dGVW9wcXh0QlBQV2RVVHVJU3BMTUVZRlF6RklXSHNrSFQ2TFdaSUxoUXVZY1lRTzJZVEhUZ1hsNjFyLzg2R3ppdGlwM1NEN1pvTzFrc0RCaWV6SVlMK0xYaGRaNHB1dzZsSHVvRWxSOTIwZ09xT0x6eFVHZ2gxOGlwdFErV3FoeVVmRm9VdUJxRi9yVWsrSVJIdDZDVEhad1dUNks5djJxOUNJZThxbDVmeGFTbnVsckFRZk9UU3ZydklSaGRxUTFDWElCMmk0d2NRb3ZFMlV2WU40RzBHdmg5c2hrS1JjUjE2UEJ5V1MvV0NxMTg1SHZlcVcrMnZpZDZwcTBpWE9aK0w0bFRhZHhaWjI4VTc3SXhDYlJRdVRVVlB1OTRoVWQ4WmFsRHlFbXkzUW5VM2syZW9qTURmN3A3bVJEUm1nbEVwWUxNbHloSStONmEzdEhYaVU0T05ScEV4cnZycUFLcU4rUVhmaVlxUVIzeHYybHRJYlgxcktaeFh4TkNVYWNTOUs0QlNVVzVLRklUd09HeTM2MjVuV0VXenpmeXpCZkVQYWJSdkpKRm1iVlpIT2tOOXpXMGsrYjMzR2Q5WUY0&redirect=https%3A%2F%2Fwww.hepsiburada.com%2Fdell-vostro-3530-n1601pvnb3530u02-i7-1355u-16gb-512ssd-15-6-fullhd-freefreedso-tasinabilir-bilgisayar-tasinabilir-bilgisayar-cnt003-p-HBCV000061A7SL%3Fmagaza%3Dteknoraks&eventName=sp-click&platform=desktop&anonymousId=bfa841d7-2f04-40c2-87ec-f2aa6e55dd43
"Game Garaj Slayer X5T-5050 C2 Intel Core I5 13500HX 32GB Ram 1tb SSD RTX5050 16"" Wuxga 165Hz IPS Freedos Oyuncu Laptop",46.899 TL,https://www.hepsiburada.com/game-garaj-slayer-x5t-5050-c2-intel-core-i5-13500hx-32gb-ram-1tb-ssd-rtx5050-16-wuxga-165hz-ips-freedos-oyuncu-laptop-p-HBCV00009MMKU9
"MSI CYBORG 15 B13WFKG-495XTR Intel Core i7 13620H 32GB 1TB SSD RTX5060 Freedos 15.6"" FHD 144Hz Taşınabilir Bilgisayar","58.999,62 TL",https://www.hepsiburada.com/msi-cyborg-15-b13wfkg-495xtr-intel-core-i7-13620h-8gb-1tb-ssd-rtx5060-freedos-15-6-fhd-tasinabilir-bilgisayar-pm-HBC0000AHYV1C
"Casper Nirvana S100 Intel Core i7 13620H 16GB 1TB SSD Freedos 16"" Taşınabilir Bilgisayar S100.1362-BF00X-G-F",27.499 TL,https://www.hepsiburada.com/casper-nirvana-s100-intel-core-i7-13620h-16gb-1tb-ssd-freedos-16-tasinabilir-bilgisayar-s100-1362-bf00x-g-f-p-HBCV00007XO59V
"Lenovo LOQ AMD Ryzen 5 7235HS 24GB 512GB SSD RTX3050 Freedos 15.6"" FHD 144Hz Oyuncu Taşınabilir Bilgisayar 83JC00DXTR",33.999 TL,https://www.hepsiburada.com/lenovo-loq-amd-ryzen-5-7235hs-24gb-512gb-ssd-rtx3050-freedos-15-6-fhd-144hz-oyuncu-tasinabilir-bilgisayar-83jc00dxtr-pm-HBC000087ZHH4
"Game Garaj Slayer R9T-5060 C1 Amd Ryzen 9 8945HX 32GB Ram 1tb SSD RTX5060 16"" 300Hz Qhd+ Freedos Gaming Laptop",62.899 TL,https://www.hepsiburada.com/game-garaj-slayer-r9t-5060-c1-amd-ryzen-9-8945hx-32gb-ram-1tb-ssd-rtx5060-16-300hz-qhd-freedos-gaming-laptop-p-HBCV00008SK95T
"Lenovo Ideapad Slim 3 16IRH10 Intel Core I7 13620H 16GB 1tb SSD Freedos 16"" Fhd Taşınabilir Bilgisayar 83K2001VTR","33.315,64 TL",https://www.hepsiburada.com/lenovo-ideapad-slim-3-16irh10-intel-core-i7-13620h-16gb-1tb-ssd-freedos-16-fhd-tasinabilir-bilgisayar-83k2001vtr-p-HBCV00008CB1NV
"MSI CYBORG 17 B13WFKG-092XTR Intel Core i7 13620H  32GB 1TB SSD RTX5060 Freedos 17.3"" FHD 144Hz Taşınabilir Bilgisayar","67.449,05 TL",https://www.hepsiburada.com/msi-cyborg-17-b13wfkg-092xtr-intel-core-i7-13620h-8gb-1tb-ssd-rtx5060-freedos-17-3-fhd-tasinabilir-bilgisayar-pm-HBC0000AI5T9B
"Lenovo Ideapad Slim 3 15IRH8 I5-13420H 16 GB 512 GB SSD 15,6"" Fhd Freedos 83EM00KYTR","21.872,05 TL",https://www.hepsiburada.com/lenovo-ideapad-slim-3-15irh8-i5-13420h-16-gb-512-gb-ssd-15-6-fhd-freedos-83em00kytr-pm-HBC0000AM4VOF
"Apple MacBook Air M2 16GB 256GB SSD macOS 13"" Taşınabilir Bilgisayar Yıldız Işığı MC7W4TU/A",38.999 TL,https://www.hepsiburada.com/apple-macbook-air-m2-16gb-256gb-ssd-macos-13-tasinabilir-bilgisayar-yildiz-isigi-mc7w4tu-a-pm-HBC000078JDQP
"Lenovo IdeaPad Slim 3 AMD Ryzen 3 7320U 8GB 512GB SSD Freedos 15.6"" FHD Taşınabilir Bilgisayar 82XQ00JGTX","15.455,03 TL",https://www.hepsiburada.com/lenovo-ideapad-slim-3-amd-ryzen-3-7320u-8gb-512gb-ssd-freedos-15-6-fhd-tasinabilir-bilgisayar-82xq00jgtx-pm-HBC00007W5Q78
"ASUS Vivobook S16 S3607VA-RP012 Intel Core i7-13620H 16GB 1TB SSD  FreeDOS 16.0"" Taşınabilir Bilgisayar","36.050,79 TL",https://www.hepsiburada.com/asus-vivobook-s16-s3607va-rp012-intel-core-i7-13620h-16gb-1tb-ssd-freedos-16-0-tasinabilir-bilgisayar-pm-HBC00009IH592
"Lenovo Yoga Slim 7 Intel Core Ultra 5 125H 16GB 512GB SSD Windows 11 Home 14"" WUXGA Taşınabilir Bilgisayar 83CV007YTR",39.999 TL,https://www.hepsiburada.com/lenovo-yoga-slim-7-intel-core-ultra-5-125h-16gb-512gb-ssd-windows-11-home-14-wuxga-tasinabilir-bilgisayar-83cv007ytr-pm-HBC00008O19PH
"Monster Abra A5 V20.5 Intel Core I5 13420H 16 GB Ram 500 GB SSD 4 GB Rtx 3050 Freedos 15,6"" Fhd 144 Hz Taşınabilir Bilgisayar",37.877 TL,https://adservice.hepsiburada.com/event/api/v1/track?event=eVJzb2tPZ3hGSGVIZDVVKzhDRnM5M0p2b1EwQXRzWW5vUmhnTHdxOUtjeVplbmtXQzgwQmFSZzFkaVdFVEc2amhvZnk4UmY0ekdRZ1pibTRsakZ0UC9UaEFaM0QvNkxzVUlrZTl2ZmhvakZoVmNkbU4xc0ZmM0c5bG5iK1hzL2ZjMHZ2cVZ5STkyR3VtalJnR3IxWVkzY0J0Nlc0eG5UYkxuVjFDeG9KQlprTVhnWldJbHFnSzRPZElpdXF1S2JyblJnZSsrTldvNFgrSjZpOVl3Rzk3T1NUcVA2Uk5JN1V2YjJ2QlF6OWpiR1VCSW5nVERRSzIvdVdIdEJLUUlRV0lwRk04d3ZGTC9NUXhsbDdUa0xqZHFnSjdLeTl1alkrd2t3WEZCelFSS2RBamVMMkpISlk4MUU0SGtyOEllSE9YenJ4RnlZSE1BV3g4WG5QOWhHZ05RZUxOd3BBN21XWU1nVXhqamtaVEQ3ckFhQnMrNGdRNkxSNzdDMTZtTWd0cE0vdVdWYUZWRW41TDJiWklNUS9OajlEcE96SE4wcjVLcFlMUFczTFJaeWN6WFh6VVI4QzNnMjFLZDRVWUxqUllxQ2loTnFFay9tRVhwb0M1dElWSWxJZ3U0ZHY2c1FFWXV4Y0NHM3l6bGM3Z0FUTXg0UkxBT1FDTHNuZmd1U1p4ZjBHTTZ6L09JOVJTUWpacm42Z2lyRGhjSVVPL2ZvV0Z5bTdEeGFLYVZxZmV4REIrN0ExZkJ5Q3lIdEhDdw==&redirect=https%3A%2F%2Fwww.hepsiburada.com%2Fmonster-abra-a5-v20-5-intel-core-i5-13420h-16-gb-ram-500-gb-ssd-4-gb-rtx-3050-freedos-15-6-fhd-144-hz-tasinabilir-bilgisayar-p-HBCV00008M9YGS%3Fmagaza%3DMonster+Notebook&eventName=sp-click&platform=desktop&anonymousId=bfa841d7-2f04-40c2-87ec-f2aa6e55dd43
"Monster Tulpar T7 V26.2.2 Intel Core I7 13620H 32 GB Ram 1 Tb SSD 8 GB Rtx 5060 Freedos 17,3"" Fhd 144 Hz Oyun Bilgisayarı",69.799 TL,https://www.hepsiburada.com/monster-tulpar-t7-v26-2-2-intel-core-i7-13620h-32-gb-ram-1-tb-ssd-8-gb-rtx-5060-freedos-17-3-fhd-144-hz-oyun-bilgisayari-p-HBCV00008S4ICK
"Lenovo Ideapad Slim 3 Intel Core i7 13620H 16GB 512GB SSD Freedos 15.3"" WUXGA Taşınabilir Bilgisayar 83K10060TR","28.499,05 TL",https://www.hepsiburada.com/lenovo-ideapad-slim-3-intel-core-i7-13620h-16gb-512gb-ssd-freedos-15-3-wuxga-tasinabilir-bilgisayar-83k10060tr-pm-HBC00008O3253
"Lenovo Ideapad Slim 3 AMD Ryzen 5 5625U 16GB 512GB SSD Freedos 15.6"" FHD Taşınabilir Bilgisayar 82XM00PWTX",18.599 TL,https://www.hepsiburada.com/lenovo-ideapad-slim-3-amd-ryzen-5-5625u-16gb-512gb-ssd-freedos-tasinabilir-bilgisayar-15-6-fhd-tasinabilir-bilgisayar-82xm00pwtx-pm-HBC00008O18WJ
"Monster Abra A5 V22.1.2 Intel Core I7 13620H 32 GB Ram 1 Tb SSD 8 GB Rtx 5050 Freedos 15,6"" Fhd 144 Hz Oyun Bilgisayarı","53.874,02 TL",https://adservice.hepsiburada.com/event/api/v1/track?event=RG5VV0FnU09mL3Y5OXNFMVR5MFVjM3RETEJXNlUvUXlQLzgxSjFaYTF4WmlDeGUveFpZSXo3WnhSbWJ4MUxjbTFyRnZlakxFU1lLL29NYmFFQ2lIMTFsQkdYOEZHQ1p1QmEvK3ZEeXIyYi9YM2pBbHFHdERvVk9nTnFUc0hPSEhuQ1cveG1kYi9sa2R6aFNINEFZREpTZE15WlRCaGhhb1dPdlhTbjRhckt0TEpQN0wveGZYQ0hlVmhPYXVkRldGc3lwZE93UitBQlFOdTk0ZmszNUlQL1E1R0d2bzc0U3pobVYxbU1JbTdDUlF3bFZFRi9NUlVaN01COFBzLzhBRmY0MzZCd1ljRDBDdGdJZG91V25oTFYrUlRPVTZ6aTU0NVllNWVUSFJEVjI0dWxYL1RscjNuRndGaTdEaWJHRTdUNmhHM0MySWEvVUlNY0hVclZZTWRRVkIzRDQxdkY3YVM3SWdLVUNDOGVmZ2RqVlc4S055dDRBMkZ5Yi9FOXEvdk84RS9LbTYrU05DYmpvMlRRZ3ZoS1BPYi9pMEt1Y1ZLeDRpWmhPMFB4bnJnOEVsRVprQ1pONklpRC9FNzhiNUNMSHdPTG9oTENHM2d6QUxncmRpdkRETElEK2g5eStVQTkxSmdWZjdkNHZxS3R6RUdsUGRBUVVLdjF5MTU3bEl5Rm8wRjErTmpSVmFrb1k2UWR2SFZ5Z05yeHZvcHhjTU9uMTBxM003&redirect=https%3A%2F%2Fwww.hepsiburada.com%2Fmonster-abra-a5-v22-1-2-intel-core-i7-13620h-32-gb-ram-1-tb-ssd-8-gb-rtx-5050-freedos-15-6-fhd-144-hz-oyun-bilgisayari-p-HBCV000094A90O%3Fmagaza%3DMonster+Notebook&eventName=sp-click&platform=desktop&anonymousId=bfa841d7-2f04-40c2-87ec-f2aa6e55dd43
"ASUS Vivobook Go 15 E1504FA-NJ1759 AMD Ryzen 5 7520U 8GB 512GB SSD Freedos 15.6"" Taşınabilir Bilgisayar",18.599 TL,https://www.hepsiburada.com/asus-vivobook-go-15-e1504fa-nj1759-amd-ryzen-5-7520u-8gb-512gb-ssd-freedos-15-6-tasinabilir-bilgisayar-pm-HBC0000A75UU2
"HP Victus Gaming 15-FA2012NT Intel Core i7 13620H 16GB 1TB SSD RTX5060 Freedos 15.6"" Taşınabilir Bilgisayar C21SFEA",52.999 TL,https://adservice.hepsiburada.com/event/api/v1/track?event=eVlzNmYraFhsMUJpUDFBQ25MblFYSDNXcXUveENSRWtML0pGVWRtd0l2S0lFQVRUM0dwd3RtTEdjNkhZM1krMUVyZ05tRVJ2Q3VVNlZtU09iTm9SSElwZFg4ZTlRVnZZd0hzU084UVpjVCtaMmZ0NFdFbUZIN2dibHVQRmZTWXZOaUo1MmpzQWxMRnZHWW85SmFQb3dmanBFRkFpWkdNRTlIQXZocUxZQ1VnNXM3YUVZNm5DUE53VWh6Z2t4T2tGcTFHa3dZMFE4NXhJbVkxNkxUYUJGSWp2WUw0cDJlUVpjNDAzVUROTTFac0dXK1dTUTEyTzJOVnVWdGxHendFZUFsL0RhWEhBcFVweEl2N3NKeUh4ZlFmMGZ1Q1R4TkYxeGRZRlZSZjVaenZXWVEwRHYrelJpdGhaeUZ4dmZvb1VvVXdIUGg0cUx6SzNmemh5Z3RxQXVQbnVrMGZQTEJNNlByellsMElrUHo5RUhSeDBWRDNYdnIzR1A0V2ptSTZ0b0RNRjJ2Z3k2TkE1TlYrQVlqM2ptVFBVWWtiLy9SbkxMZFpKSGhRUk13WjNhNFFmZ0dMa2V4OHZoVG94cWtWS2EybzZwWTNCUDlBUmV2enJjc1REeS82djRXNmY5R0Q3dlpFOURtdkw1LzRzd1EvcnVteWZPanRpY3N5QWVmQXRMTlIzUFRsbHhnR1BhWE8xSHFNc3cxY0R1TTF0ZzJYVTBHa3dTYnF3&redirect=https%3A%2F%2Fwww.hepsiburada.com%2Fhp-victus-gaming-15-fa2012nt-intel-core-i7-13620h-16gb-1tb-ssd-rtx5060-freedos-15-6-tasinabilir-bilgisayar-c21sfea-p-HBCV0000AD47PV%3Fmagaza%3DHepsiburada&eventName=sp-click&platform=desktop&anonymousId=bfa841d7-2f04-40c2-87ec-f2aa6e55dd43
"Asus TUF Gaming F16 FX607VJ-RL016 Intel Core 5 210H 8GB 512GB SSD RTX3050 Freedos 16"" Taşınabilir Bilgisayar",32.995 TL,https://www.hepsiburada.com/asus-tuf-gaming-f16-fx607vj-rl016-intel-core-5-210h-8gb-512gb-ssd-rtx3050-freedos-16-tasinabilir-bilgisayar-pm-HBC0000ABEHFC
"Hp Victus 16-S0064NT Ryzen 5 7640HS 16G 512GB SSD 6gb 4050 Freedos 144Hz 16.1""  Fhd Taşınabilir Bilgisayar 8Q4K4EA","37.655,86 TL",https://www.hepsiburada.com/hp-victus-16-s0064nt-ryzen-5-7640hs-16g-512gb-ssd-6gb-4050-freedos-144hz-16-1-fhd-tasinabilir-bilgisayar-8q4k4ea-pm-HBC00007MPJMU
"Asus TUF Gaming FX607VU-RL017 Intel Core 5 210H 16GB 512GB SSD RTX4050 Freedos 16"" Taşınabilir Bilgisayar",40.999 TL,https://www.hepsiburada.com/asus-tuf-gaming-fx607vu-rl017-intel-core-5-210h-16gb-512gb-ssd-rtx4050-freedos-16-tasinabilir-bilgisayar-pm-HBC000086T6TH
Lenovo Ideapad Slim 3 16IRH10 Intel Core I5 13420H 16GB 1TB SSD Freedos 16” Wuxga 83K20077TR,25.790 TL,https://www.hepsiburada.com/lenovo-ideapad-slim-3-16irh10-intel-core-i5-13420h-16gb-1tb-ssd-freedos-16-wuxga-83k20077tr-pm-HBC0000A10ZQ1
"Monster Tulpar T6 V3.3.4 Intel Core I7 13700HX 16 GB Ram 1 Tb SSD 8 GB Rtx 5060 Freedos 16"" Fhd+ 165 Hz Oyun Bilgisayarı","60.375,02 TL",https://adservice.hepsiburada.com/event/api/v1/track?event=SjZPUk5NQXBkb1prZ1FWeDhvN3RCamRMNnpTQVYzU2ZDV2gxQjRXYlhuZFU4SENCTjl1T1dCWlVaNXNsRUFFeGprUmpUM0EyZ1BUTGo4MnVDU0JYd1BoV3ZaUVpHMExmdG5ld2JoelN2UmIwNFJNS2JhOWMzKzNBWERQVUdLcCtaZFZGbG5mTkxmQi80dFZ3T2J6enVvV3d2eSs3L3dwSWU1NVlKWWk4UlFiZkdrZmE5MEJlQ2VvYWFBdk5EMTJSRldOUnhCK0U3ZmlBK2ZhaDNBVVpocEp6OFBjQ2R3MWV6alJPTm5MSHF6WU1OZTFxWDVPdWw3aU4vYjlNMFJCZEVkemkzeloxU1lza09DUmd5R2w0Nkl0VVBRcDRmc3VOaXJlODloUVVQWC9YRHdxejhUZDAvRmsvU0RraTJONTBrZzRWV2RBNlJGYzl0cStLL01BcmIwbGJ5dXlTU0djZWRQSEdBRTZrWFdDL2VVU3J6Zkw5UEJvYmQ5bmliZ1VwS3hjVWxoUGJGUFBQQnllMFJ1T2JvYXNFYmRNcTRGdWNNbWFFT3hlYXI5R1ZyL2ZrQklodC9wRnBweWkwdlVabnZCamdQdC9aRjZGa1dkYjgyaUhiSUhYK3kvSGdMdEFrOFAzZ2x0dDBXVEFBdk1KZzI2VVJXM2F6WWJCaGlNTXZIQlp3SytqNjhLVktmVmQ2UmIvVFFDQm8zU1pQM0dpWnViekxETnRz&redirect=https%3A%2F%2Fwww.hepsiburada.com%2Fmonster-tulpar-t6-v3-3-4-intel-core-i7-13700hx-16-gb-ram-1-tb-ssd-8-gb-rtx-5060-freedos-16-fhd-165-hz-oyun-bilgisayari-p-HBCV00008P91Y0%3Fmagaza%3DMonster+Notebook&eventName=sp-click&platform=desktop&anonymousId=bfa841d7-2f04-40c2-87ec-f2aa6e55dd43
"Lenovo LOQ Intel Core i5 12600HX 24GB 512GB SSD RTX4050 Freedos 15.6"" IPS 144Hz Taşınabilir Bilgisayar 83GS00P6TR","37.647,55 TL",https://www.hepsiburada.com/lenovo-loq-intel-core-i5-12600hx-24gb-512gb-ssd-rtx4050-freedos-15-6-ips-144hz-tasinabilir-bilgisayar-83gs00p6tr-pm-HBC000089C0HI
"HP Victus Gaming 15-FA2704NT Intel Core i5 13420H 16GB 512GB SSD RTX3050 Freedos 15.6"" Taşınabilir Bilgisayar B7TG9EA","32.025,04 TL",https://www.hepsiburada.com/hp-victus-gaming-15-fa2704nt-intel-core-i5-13420h-16gb-512gb-ssd-rtx3050-freedos-15-6-tasinabilir-bilgisayar-b7tg9ea-pm-HBC00008KY9FX
"MSI CYBORG 17 B13WFKG-091XTR Intel Core i7 13620H 16GB 1TB SSD RTX5060 Freedos 17.3"" FHD 144Hz Taşınabilir Bilgisayar",62.999 TL,https://www.hepsiburada.com/msi-cyborg-17-b13wfkg-091xtr-intel-core-i7-13620h-16gb-1tb-ssd-rtx5060-freedos-17-3-fhd-144hz-tasinabilir-bilgisayar-pm-HBC0000AHITKF
"Monster Abra A5 V20.5.1 Intel Core I5 13420H 16 GB Ram 1 Tb SSD 4 GB Rtx 3050 Windows 11  15,6"" Fhd 144 Hz Taşınabilir Bilgisayar",40.499 TL,https://adservice.hepsiburada.com/event/api/v1/track?event=c3Jsa05hUzR5dDhLVXpEVGx2SFFGQ1p2RWtMWVlqc2F3UkNxdDJvN0dnYU5OczRZaTZxUjFuczV3aUhFNWtRR3ZMQ1R2ZWJDSEZjYVV2bEFIc0NIS05TUW1HcndLNDBiN2g0dFhQSStJWDBFZ2RRN2JuNjJQNXZwekliRE1IaStKbDRuZXZITXIrWlk0MWI5cXNBLzNXcmZFY3IvL3F1MzVwNkpsa2taNnMvdklYMjlmdnlxTFppZjlQbHVSTmtDcXQvUVdRRXJ3TUEzR3d6MXhFanZ1VVp1MUVEZGJ3Qm1wcGFCRTF0b2ZudldkazcyampSOWsrVjIzMFFWYUVPUjc1TkRjZlV4b1R4ZGdGZE4rR0xQMDBuSDlQYXNjM0lKYWVLU1FYZ0xVWmxKN2hhZ2R1cUZJcHcwQWxtQ1NFRkY1aytSNzc4MTBDNUkvWjE1Q3RxdHY0SG9Md0ora1Bna254RU9Qc0N4RlZjQ3kvT20zakwvZzd5alVlNEp3N0IwRFFZdmRuUWloNDdHc1dZSU5IYytTVXRsc0dxUDUwc0ZiT1JrSFZGNXZGUFlRT3NXdHIvOGgzaklZTUtRTEh5SXlXZHQybkdyTVYwVVVEeGxFNkpmQ2FUWklFcW14Rjd6VEM4TDgrWXFvcFRJWDJIWW9vOUgzWWYrc0ZRdEpOYlhCbHpSWU5KZUZNUDFvSjV1L0RUaGtRUTArUGdqSnFMa0pqUHhDc1NyQmpDb0doUkFpTUlpMGZkVlk2N1Q=&redirect=https%3A%2F%2Fwww.hepsiburada.com%2Fmonster-abra-a5-v20-5-1-intel-core-i5-13420h-16-gb-ram-1-tb-ssd-4-gb-rtx-3050-windows-11-15-6-fhd-144-hz-tasinabilir-bilgisayar-p-HBCV00008M5GLJ%3Fmagaza%3DMonster+Notebook&eventName=sp-click&platform=desktop&anonymousId=bfa841d7-2f04-40c2-87ec-f2aa6e55dd43
"Lenovo LOQ AMD Ryzen 5 7235HS 24GB 512GB SSD RTX3050 Freedos 15.6"" FHD 144Hz Oyuncu Taşınabilir Bilgisayar 83JC00DXTR",33.999 TL,https://adservice.hepsiburada.com/event/api/v1/track?event=SFduSkhlRE5ISDJ5b2ZGamJwOFJZUEVjc0tZTVNiSzlCOWdIV3BWRWdHcHU5Rm5GVHV3WVB6VUFBck1zRTU3QVJ5d0ZxbFlzV2JZcG5MazdvOUpDZm9WTUoxNW5RV0Nld0x2SWJrVmZON3RDb0s3NFFoL0h1MFQ5NUYyamIwaE8rK0tvWEh2YlpDSFllTlhiTWlHaUMxQ2wvckxSQ1VCUVkycXRWQXlsS2xFaU5WSGhHcC8xclF5SllTMXVCMjE5ejFISm9halZsY0NwdDloa2tnamZpZkZrNjBGcFEzRHBlcGdHQTlrM2o2Qk85UHVFMnFSeDcvbVNESWhjWDZaMGdwZGJiQ2owWVZKNEdsQTYyWEpwRG9XdlA5R3pWdFo0SmF3eDU4U00xd2hlY2ZBWmhITmRyVHdRM242dFY3cENqaWhZU0xYOUJuQlhMczdXVkFaSk5zeVVWYVlsVDk3NlFkQ3VrQ0FGKzNjZVV1Um5HWmMwMldISGdvV1VHWnpaOXk2YnMrL0ZmTzNkSnN6b1ZzRVk4eUxFbVBZVWhKSmtnejBmaDFGbkxta3ZpZ2J0OXJMUjBtemZFU0V6NFdHOHQ5TlpsSlozbzNBUnQ2NWg5Y2FYUHh1YmVqdW41MTVBbVZtSytLaFoxaUdKbU5ob0J6bVhWdU9qajFZdWRlTWFLN280TmROa0Q4MnVLcDM0YUJDelNjclZqL3BUeGNGMmZYT0FreG5WT1QwOFRyazdacEpFNk9Kd2V1cnk=&redirect=https%3A%2F%2Fwww.hepsiburada.com%2Flenovo-loq-amd-ryzen-5-7235hs-24gb-512gb-ssd-rtx3050-freedos-15-6-fhd-144hz-oyuncu-tasinabilir-bilgisayar-83jc00dxtr-p-HBCV000087ZHH5%3Fmagaza%3DHepsiburada&eventName=sp-click&platform=desktop&anonymousId=bfa841d7-2f04-40c2-87ec-f2aa6e55dd43
"HP Victus B82WJEA AMD R5 8645HS 16GB 512GB SSD RX6550M-4GB Freedos 15.6"" FHD 144Hz Taşınabilir Bilgisayar",30.999 TL,https://www.hepsiburada.com/hp-victus-b82wjea-amd-r5-8645hs-16gb-512gb-ssd-rx6550m-4gb-freedos-15-6-fhd-144hz-tasinabilir-bilgisayar-pm-HBC00003L6NMO
"Casper Nirvana S100 300NIT i7-13620H 32GB DDR5 1TB SSD 16"" Freedos Laptop S100.1362-DF00X-G-F",30.499 TL,https://adservice.hepsiburada.com/event/api/v1/track?event=aUgwR2JkOWlzc0V0THM3OTB0eTQ0c1JYUTVDeXl6cVZ2NXRGU0ExWW9Pb24yU1ZHSmYrQXh4Mm1aNTRaUFRSZzJJYW1BeDZwRHJwMnB2aVFscEtVM2FQbFpuR0d6VzRrNCtxMmtVTTc5V1UwQ0pybUoxU050WXhsK21vamtTWEF5Mk1PbDBrSEpOdmd2bWRkTEZCbVYxOFFzaHdYNG5kRFNmYVB0aWhyYy85WHpMcE0zV1NwU2VQY0tvaHU5SCs3NEZZakR4cHJ1eEw0aHhzMjZtL2E2YzQ2Z1NkVENjcE5HdGJONlczSUV5bEZGUU1POEJUUDBpVVNqRVlPbXdNT2o1bnVFMTBsWnBLenEzcVYvVkFWYUNKbloyR0VHZzQ4YzJlSnVvVSsrNnVYOWxLQ091YWcxS3JvZEtZSDNFdEdwWTk0WjRhZUV1blM2WW4zZkthV3dPVTZDRy96UVhHdEQ4eDZ4bE9XK21uS3draGo4QWd0ZnhLMGFQbUttZUcxWDNRVmxmYTdNZmZYWnJSNFRhQ2kyZEdCZ25zbndEVUdXSzlKb244WTBRUTZYd0VnNDBIQnd1bTRIOHR0NlkzMVAxUUhGTEZ2Q016cEdNNTV3eWMwZ2hzb0xqTXlWVERMN1BURFJQdTc2Qy9CUHQ2U3FOc3JZRXNZTzRIejhmSHZESEtmWVY0Vy9FdDlCdVVNcERuMTNZcStvWWlTTWlFamZBS1VhZXNhcGFmYjUxQ1kvdjZpeSs2dU42UGs=&redirect=https%3A%2F%2Fwww.hepsiburada.com%2Fcasper-nirvana-s100-300nit-i7-13620h-32gb-ddr5-1tb-ssd-16-freedos-laptop-s100-1362-df00x-g-f-p-HBCV00007XO5VN%3Fmagaza%3DCasper+Excalibur&eventName=sp-click&platform=desktop&anonymousId=bfa841d7-2f04-40c2-87ec-f2aa6e55dd43
"MSI MODERN 15 F13MG-869XTR Intel Core i5 1334U 16GB 512GB SSD Freedos 15.6"" FHD Taşınabilir Bilgisayar",22.499 TL,https://www.hepsiburada.com/msi-modern-15-f13mg-869xtr-intel-core-i5-1334u-16gb-512gb-ssd-freedos-15-6-fhd-tasinabilir-bilgisayar-pm-HBC0000AHX845
"Lenovo Ideapad Slim 3 Intel Celeron N100 4GB 128GB SSD Windows 11 Home 15.6"" Taşınabilir Bilgisayar 82XB009GTX","9.308,58 TL",https://www.hepsiburada.com/lenovo-ideapad-slim-3-intel-celeron-n100-4gb-128gb-ssd-windows-11-home-15-6-tasinabilir-bilgisayar-82xb009htx-pm-HBC00007GPS68
"Casper Nirvana S100 300NIT i5-13420H 32GB DDR5 1TB SSD 16"" Freedos Laptop S100.1342-DF00X-G-F",27.199 TL,https://adservice.hepsiburada.com/event/api/v1/track?event=d2tiTGhLMXdZU3QrQWdZTXFaanNXbGdlOUxKb09YSkp2RmlmK29PK1VicjB0WDhJZjJNb1pRZmxIVEVXdUdGNWs1dHBZR25sdVM0aldFZndzR0tCVUNobXBVZGo5NUxEN1kzdW1tOE9SaFJjUGVWMm5CUmhqNEUydHZnNi9ScjEyb1J3NlU5RWF1NFpRWW1IT25ad2NHSlRaUmNsZDloaElya0pFSGNDSXRySW5IZGRmSzN6SXdha3ZodDY1Szk2N3hnczdNT1RUei90UUdSSVRtNmtDMkdnT1RTU1FpRlUrYitqa2F4M2R4d3FEZnBmdnkzdVNSTDQ0dit5MlVHM0VmTzBwajBaV0R0bDJTT3Vuek9EVkZwaVFOYzNiNE05S1FqM3RHSU1mR3hId2tTNXovNzlVTXNPelA0UFNLc0h3cE5wK0VINWd0ZEVyQ0F1REVCRHIralZleThNQ1dyQURZOHF3SG0vK3RXYVdPMGRwT2lVMFFscW5HY1hwVzZiMld3T05UMWlNZTdlYjJxazdsL2RWVGE0MjU1Zi9QSkxTUnpZY01rOVB6dDN6RWIxNXdVVzVJajFhbTZKalVEUWRyeEQzN2tkM1lkT3A4RitxenN5Zk14clVhYTV6OTZTWVE3SjNwYjNDaWFKSXduelhadkFKeU12LzZ5OTgrTWZKUmdQTUdTY3dta2Y5REg3cXdHVVIzUHZQYjVaOGpFTEVEYk0wZVpRbGZhY1g1WVNwSy90MS82WDZwQQ==&redirect=https%3A%2F%2Fwww.hepsiburada.com%2Fcasper-nirvana-s100-300nit-i5-13420h-32gb-ddr5-1tb-ssd-16-freedos-laptop-s100-1342-df00x-g-f-p-HBCV00007XO51K%3Fmagaza%3DCasper+Excalibur&eventName=sp-click&platform=desktop&anonymousId=bfa841d7-2f04-40c2-87ec-f2aa6e55dd43
"HP Victus Gaming 15-FA2023NT Intel Core i5 14450HX  16GB 512GB SSD RTX4050 Freedos 15.6"" Taşınabilir Bilgisayar BY2K1EA","37.333,98 TL",https://www.hepsiburada.com/hp-victus-gaming-15-fa2023nt-intel-core-i5-14450hx-16gb-512gb-ssd-rtx4050-freedos-15-6-tasinabilir-bilgisayar-by2k1ea-pm-HBC0000AD4I3Y
"Monster Abra A7 V16.2.2 Intel Core I7 13700HX 32 GB Ram 1 Tb SSD 8 GB Rtx 5050 Freedos 17,3"" Fhd 144 Hz Taşınabilir bilgisayar","57.420,02 TL",https://www.hepsiburada.com/monster-abra-a7-v16-2-2-intel-core-i7-13700hx-32-gb-ram-1-tb-ssd-8-gb-rtx-5050-freedos-17-3-fhd-144-hz-tasinabilir-bilgisayar-p-HBCV00009OTHAQ
"Apple MacBook Air M4 16GB 256GB SSD macOS 13"" Taşınabilir Bilgisayar Gümüş MW0W3TU/A",48.800 TL,https://www.hepsiburada.com/apple-macbook-air-m4-16gb-256gb-ssd-macos-13-tasinabilir-bilgisayar-gumus-mw0w3tu-a-p-HBCV00008748TX
HP Victus 16-S0014NT 7Z4M5EA 8GB RTX4060 Ryzen 7 7840HS 16GB RAM 512GB SSD 16.1 inç FHD 144Hz Taşınabilir Bilgisayar,"44.528,30 TL",https://adservice.hepsiburada.com/event/api/v1/track?event=ODZZUWk2bFRPOUpCNnp4K0pFZEVlR2R1amUzbkZtbUV4TjNKczBYTzJ5V21BRklYTE52N3VSbkpNaDBuUHJHa0d6a1BDWDMxSkxzY3g2VWJ3dDRNbVFON0NMS1pTay9weVF5eVFuY0dLRE5yQmVXc3RNVTVmNEFqQmI1czlJSDZHSDhXQlh6WXFuV0l4UUljYVZWVk9yWlFVUFU2S09FVmwwNnRiaXRwb01NRm1hUDRkVTdCUGdlU1ZsRE5DdUlzek9WMnRFbnU4M2ZNTXUyNUFCVG1SU3loWUN5RzNLVEJlbnljS0tTbGE2UFMzcHVGd2trRFpHcm05VDR0YVdBMTIweVdNKzA0K25MeTJZMVljbkR2cHRHME4xS0Rsd25OaXpkeVc0NExLdHdHYUY0blNQcEVpOXBFL2hMTkF4K0xnSnNXR3F3aTlnM3RLR1BicDdxc2U1K2dyMmhHcVBkOWxZYTdqdHVaSlI2T0hpaWhlUFFvVnZuWHU0c2FTL0FPbHNmTmQ2ZTB2MmVFM05iRVZ4OWFBSHhxVzJUMHBUTkNUL3JFd3NQRDRQMENGcHQzZVY4VlNHcjQrbjRCTU5CMm5hNmFsWEJzNW5Yek9mdU9seWx2MXM0eVpoTjZmaWttK3lJYnViY2xZcXZweFVpbk4zalpIVEpRZlU5bnVsWE5nbCtxZ3pwcW9zYjRwQ0xmcXEzY0h2TW9TYWRHNXo5RWdxUHJqc1Rw&redirect=https%3A%2F%2Fwww.hepsiburada.com%2Fhp-victus-16-s0014nt-7z4m5ea-8gb-rtx4060-ryzen-7-7840hs-16gb-ram-512gb-ssd-16-1-inc-fhd-144hz-tasinabilir-bilgisayar-p-HBCV00004KOXTV%3Fmagaza%3DHP+Store+T%C3%BCrkiye&eventName=sp-click&platform=desktop&anonymousId=bfa841d7-2f04-40c2-87ec-f2aa6e55dd43
"HP Omen 16-AH0022NT Intel Core Ultra 9 275HX 32GB 1TB SSD RTX5080 Windows 11 Home 16"" WQXGA 240Hz Taşınabilir Bilgisayar B88F2EA",129.999 TL,https://adservice.hepsiburada.com/event/api/v1/track?event=NkRzcVhjVUZDQnQ2ZzBLcWJUWTBZaVdCUzc0Q09sTEdlTW4rd0NjQzg5OEFWa3k4UkUrYS9hT0IxSndhL29HdzFhM09yVWxEbnNlY0cvalVQUFVqRmhLZ2VrOG1RMEwrRXZwaVZTejZGZDJMRW9OOURTOGNNeTM1cE45cTdUekNSY3FzdDNWNlNLZ0F0T1FoRnhPL015TFVVMWxDOGVYWnFwcVZVRHJ4T3NDbzVUdktmZXkxSmVIODFYQk1KTFVrbjJzSDBEUkZpaUNMdFRkY1JPSGVxRm5xTExYZldNRWg3NWZ5dC96VllqbE4xUWk5N3o2K2ptOUdpNCthRW56bTdxdlpBNGxrcGFsajE2NlNyL3E3ajJOeWs3cTk3UGdRUXBwaEhlR2EyRHgzanJGZ2VMWTQ4b3BCMHNuNUIwcUZBck9jN2poT3BUS1RxQmZKRmJlUVhnbVA1UittQi9XclprblpIWThQWDRNNWVPakxSSGNhYlBrTzJ4Vm5lV1ZkVzZud1RBb0pkaElUMEdLL0JFSUxrZ0RSbjN3aktrdHIvMlhhQ1BCL01RcjN0ODdJY29EYjRTVVFlb3BXODBMTUp1TDBIQ2Zmbzh3ZWVHdUdENFoxMm9sRy8wOVkyQkxJaEdGaUFnTjhyU3hPYkJrZjRhbXJUR3lNSXhud1c5TlY0ZG9sT1NZdU1NUDBSV2NQK0thUE15MFdCMjNJMThUalpuWGxQMUkrbHFWTE1PZDNJNkxVellXc2xEaG0=&redirect=https%3A%2F%2Fwww.hepsiburada.com%2Fhp-omen-16-ah0022nt-intel-core-ultra-9-275hx-32gb-1tb-ssd-rtx5080-windows-11-home-16-wqxga-240hz-tasinabilir-bilgisayar-b88f2ea-p-HBCV000083V0HL%3Fmagaza%3DHepsiburada&eventName=sp-click&platform=desktop&anonymousId=bfa841d7-2f04-40c2-87ec-f2aa6e55dd43
"Asus Tuf Gaming A15 FA507NUR-LP035 Amd Ryzen 7 7435HS 16 GB 512 GB SSD Rtx 4050-140WATT 144 Hz Freedos 15.6"" Fhd Taşınabilir Bilgisayar",45.199 TL,https://www.hepsiburada.com/asus-tuf-gaming-a15-fa507nur-lp035-amd-ryzen-7-7435hs-16-gb-512-gb-ssd-rtx-4050-140watt-144-hz-freedos-15-6-fhd-tasinabilir-bilgisayar-pm-HBC00006I40DL
"Apple MacBook Air M4 16GB 512GB SSD macOS 13"" Taşınabilir Bilgisayar Yıldız Işığı MW103TU/A",60.999 TL,https://www.hepsiburada.com/apple-macbook-air-m4-16gb-512gb-ssd-macos-13-tasinabilir-bilgisayar-yildiz-isigi-mw103tu-a-p-HBCV0000874919
Hp Victus 16-S1010NT 9Z790EA 8gb RTX4060 Ryzen 7 8845HS 32GB Ram 1tb SSD 16.1 Inç Fhd 144Hz Taşınabilir Bilgisayar,54.967 TL,https://adservice.hepsiburada.com/event/api/v1/track?event=MkVaTGRKRnhxRGxHODdOQVpJU0w1eHRuMFh5UG5oSzczTkpIK0VRekF4SnZnMzJoaGswcGc4Q1VmTndaUzVzamszbmFvcU9ETzN1VFlEMTM4ak8vcXdvQ3d6Q3M3eEl4RXp5YldKYytaWmZ4S2lCL1F2QXR1N0RScjRWOXhoTVFpZHdSZ2JEdXhXNmx0a2laK0dSQmpWSVFMeHBzT1JBRjcvRVZsdEpQcll3L3FJWGpMUGJWdzU0akZkRVhGR2VybG8wQXQxNlZDVCtCSmIvQjIxVmJKREt4dUpxeHFaS3J1OXUyTndmMHc0cGkrS3ZMeHZ6M2RTaWJaMmtHRTBHQytYcjZjWDdsbytLQnV2aG8rdVpQMEdDUGs3dlhjS21seE91SGJzMlZDZXVSNmd2NXlOL2JHeG54VzB1SnRGbVZVSlhCUjVYQ1B5SjRqdENBd05UUjNTbGNPWGhJYXE5bWt1QlJab243QklvQzZIUzN4RnRPMDYzSldQV3ZzcVR4eDNsUmMvVmZWeCt2Q3d3cWpYUlovRFRCbHRUNUlYRWloS3dyQWl5WlBqNTcrRXZaUjc3NjNhNEhGQnloRTNIOGJickRoOGFlUFhNY2FyUXVNNkZ4OW01b0dvYWE3Qmg4SlVkVXczVklZTG1NaHNrQUEwVkxzRGIwc2RCUUhiOXZVeGp3ODU0UU9OMkVsdU9sRk1IYytOZDdzVXBlWFBCWExjZmZDK3J0Zmp6REFtL3M5VDhwTVVmU3IxNEEwZw==&redirect=https%3A%2F%2Fwww.hepsiburada.com%2Fhp-victus-16-s1010nt-9z790ea-8gb-rtx4060-ryzen-7-8845hs-32gb-ram-1tb-ssd-16-1-inc-fhd-144hz-tasinabilir-bilgisayar-p-HBCV00006KPBOQ%3Fmagaza%3DGpnTeknoloji&eventName=sp-click&platform=desktop&anonymousId=bfa841d7-2f04-40c2-87ec-f2aa6e55dd43
"Casper Nirvana X600 AMD Ryzen 5 7430U 16GB 500GB SSD Freedos 15.6"" Taşınabilir Bilgisayar X600.7430-BV00X-G-F",18.499 TL,https://adservice.hepsiburada.com/event/api/v1/track?event=eEkvM3hBNFpjM3N5UlBrZld5bkVSVXhHMGRqdGJ4VHFLZjFVajJUVWx2RUFYaGJoNUFUMVBHSk11T3ZhU0dVWERMNzJkb3hSMHNodGtDMVZIRDhPZWxXcDJmb1FqSVd0TmR6WGliWnl2ZHdrZ09qMlVMQXo4aHMxeWl6RThMNkFESWpiOW1CRHVKYi9laDNveVBsKzY5VloyMW5OMnRnVVUyU0EwT1NGa0RWdCs3SDBkTk1pb2VqSzY2UW5BUnZFZU5NQzh5MlpqRldlVjRobWJ1TlM1QjBZM1FsUmJXV3dLcU9lMUlhY1QvYVJ0dU1pcTNXeGlXbTlTTnNINW1ZNTVYOGRENU1QK29kWDZ2TFZzV1FxMVNTZE9ObFNaY3FFS0ZlZ0twaDloOHNVNjBJd3lwWDh4MUo1U282UVJrT1ZFaXVuK1RaWHN1RHRucVFMempERVk0Z1hzTzRnenhWUWNlcUNlRDJWeHBhLzE2b2x3Sml4L0hNWGZmcTZZN2VHT1FoYUpxNWVralk1dllsL2p5azV6dDc4c1RSK0tWS2RmYnpCb1RZMlF4SFlOc1oyR3ZuVGVyQUhBMjZzQ1BhU0Qvc011WjZIUDR0NTNhbmN5bm5TQ1lUMkZLK3p6WWRydTdtWjkyNzB1YmdBYXBySmRxZ294Y1ErZnhGb3hVVlR1R2RBWkVxL0lCQ3RqUm0vem1lRUhWaWh0YmhUcTdNRndSckN1bGhaOWtQSHMwdlFPT3ZkcDBCV09QcE4=&redirect=https%3A%2F%2Fwww.hepsiburada.com%2Fcasper-nirvana-x600-amd-ryzen-5-7430u-16gb-500gb-ssd-freedos-15-6-tasinabilir-bilgisayar-x600-7430-bv00x-g-f-p-HBCV00007MJLIQ%3Fmagaza%3DCasper+Excalibur&eventName=sp-click&platform=desktop&anonymousId=bfa841d7-2f04-40c2-87ec-f2aa6e55dd43
"Huawei Matebook D14 2024 Intel Core i5 12450H 8GB 512GB SSD Windows 11 Home 14"" IPS Taşınabilir Bilgisayar",21.999 TL,https://www.hepsiburada.com/huawei-matebook-d14-2024-intel-core-i5-12450h-8gb-512gb-ssd-windows-11-home-14-ips-tasinabilir-bilgisayar-pm-HBC00005WJBQU
"Erazer Defender 17 P1 MD62757 Intel Core i7 13620H 16GB 1TB SSD RTX5060 Freedos 17.3"" Taşınabilir Bilgisayar",51.999 TL,https://www.hepsiburada.com/erazer-defender-17-p1-md62757-intel-core-i7-13620h-16gb-1tb-ssd-rtx5060-freedos-17-3-tasinabilir-bilgisayar-pm-HBC0000AKZ9K9
"Monster Abra A7 V15.3.4  Intel Core I5 13500H 16 GB Ram 1 Tb SSD 6 GB Rtx 3050 Freedos 17,3"" Fhd 144 Hz Oyun Bilgisayarı","36.735,02 TL",https://www.hepsiburada.com/monster-abra-a7-v15-3-4-intel-core-i5-13500h-16-gb-ram-1-tb-ssd-6-gb-rtx-3050-freedos-17-3-fhd-144-hz-oyun-bilgisayari-p-HBCV00007Q02DW
Lenovo LOQ 15IRX9 Intel Core i7 13650HX 24GB 1TB SSDRTX 3050 6GB (95W) 15.6'' 144Hz FHD IPS Panel Freedos Taşınabilir Bilgisayar 83DV011CTRN1,41.999 TL,https://www.hepsiburada.com/lenovo-loq-15irx9-intel-core-i7-13650hx-24gb-1tb-ssdrtx-3050-6gb-95w-15-6-144hz-fhd-ips-panel-freedos-tasinabilir-bilgisayar-83dv011ctrn1-p-HBCV00008CF7BP
"HP Victus 15-FB3006NT AMD Ryzen 9 8945HS 16GB 1TB SSD RTX4060 Freedos 15.6"" Taşınabilir Bilgisayar B82WCEA",45.999 TL,https://www.hepsiburada.com/hp-victus-15-fb3006nt-amd-ryzen-9-8945hs-16gb-1tb-ssd-rtx4060-freedos-15-6-tasinabilir-bilgisayar-b82wcea-pm-HBC000086C60K
"Casper Excalibur G870 i7-13620H 32GB 1TB 8GB RTX5060 165Hz 15.6"" Freedos Taşınabilir Bilgisayar G870.1362-DF60X-C",56.299 TL,https://www.hepsiburada.com/casper-excalibur-g870-i7-13620h-32gb-1tb-8gb-rtx5060-165hz-15-6-freedos-tasinabilir-bilgisayar-g870-1362-df60x-c-pm-HBC00008WF74Y
"Lenovo IdeaPad Slim 3 Intel Core i5 13420H 8GB 512GB SSD Windows 11 Home 15.3"" Taşınabilir Bilgisayar 83K10016TR",20.894 TL,https://www.hepsiburada.com/lenovo-ideapad-slim-3-intel-core-i5-13420h-8gb-512gb-ssd-windows-11-home-15-3-tasinabilir-bilgisayar-83k10016tr-pm-HBC0000873F7Y
"MSI PULSE A17 AI+ C3XWGKG-020TR AMD Ryzen 9 AI HX 370 32GB 2TB SSD RTX5070 Windows 11 Home Taşınabilir Bilgisayar 17"" QHD+ 240Hz Taşınabilir Bilgisayar",99.000 TL,https://www.hepsiburada.com/msi-pulse-a17-ai-c3xwgkg-020tr-amd-ryzen-9-ai-hx-370-32gb-2tb-ssd-rtx5070-windows-11-home-tasinabilir-bilgisayar-17-qhd-240hz-tasinabilir-bilgisayar-pm-HBC00009DKMUL
"Asus Vivobook Go 15 E1504FA-BQ1741 Amd Ryzen 5 7520U 8 GB 512 GB SSD Freedos 15.6"" 60Hz Fhd Taşınabilir Bilgisayar","18.057,61 TL",https://www.hepsiburada.com/asus-vivobook-go-15-e1504fa-bq1741-amd-ryzen-5-7520u-8-gb-512-gb-ssd-freedos-15-6-60hz-fhd-tasinabilir-bilgisayar-pm-HBC00009ZQKJ9
"Dell 15 Intel Core i3-100U 8GB DDR4 RAM 512GB M.2 SSD 15.6"" FHD Ubuntu DC15250","14.736,69 TL",https://www.hepsiburada.com/dell-15-intel-core-i3-100u-16gb-ddr4-ram-512gb-m-2-ssd-15-6-fhd-ubuntu-dc15250-01-pm-HBC0000ASM7Q1
"Asus Tuf Gaming F16 FX608JH-RV082 Intel Core I5 13450HX 16GB 512GB SSD RTX5050-8GB 115W Freedos 16"" 165Hz Wuxga Taşınabilir Bilgisayar",51.599 TL,https://www.hepsiburada.com/asus-tuf-gaming-f16-fx608jh-rv08-intel-core-i5-13450hx-16gb-512gb-ssd-rtx5050-8gb-115w-freedos-16-165hz-wuxga-tasinabilir-bilgisayar-pm-HBC00008YAFFS
"Asus Vivobook 16 X1607QA-MB089W Snapdragon X X1 26 100 16GB 512GB SSD Windows 11 Home 16"" IPS Taşınabilir Bilgisayar",29.799 TL,https://www.hepsiburada.com/asus-vivobook-16-x1607qa-mb089w-snapdragon-x-x1-26-100-16gb-512gb-ssd-windows-11-home-16-ips-tasinabilir-bilgisayar-pm-HBC00008JFMJV
"MSI KATANA 15 HX B14WFK-450XTR Intel Core i9 14900HX 32GB 1TB SSD RTX5060 Freedos Taşınabilir Bilgisayar 15.6"" QHD 165Hz Taşınabilir Bilgisayar","80.157,50 TL",https://www.hepsiburada.com/msi-katana-15-hx-b14wfk-450xtr-intel-core-i9-14900hx-32gb-1tb-ssd-rtx5060-freedos-tasinabilir-bilgisayar-15-6-qhd-165hz-tasinabilir-bilgisayar-pm-HBC00009C7JV5
"Apple MacBook Air M3 Çip 16GB 512GB SSD macOS 15"" Taşınabilir Bilgisayar Gece Yarısı MXD43TU/A",58.099 TL,https://www.hepsiburada.com/apple-macbook-air-m3-cip-16gb-512gb-ssd-macos-15-tasinabilir-bilgisayar-gece-yarisi-mxd43tu-a-pm-HBC000062OSEX
"Acer Nitro V 15 ANV15-51 Intel Core i5 13420H 16GB 512GB SSD RTX4050 Freedos 15.6"" FHD Taşınabilir Gaming Bilgisayar NH.QNBEY.004",35.999 TL,https://www.hepsiburada.com/acer-nitro-v-15-anv15-51-intel-core-i5-13420h-16gb-512gb-ssd-rtx4050-freedos-15-6-fhd-tasinabilir-gaming-bilgisayar-nh-qnbey-004-pm-HBC00005CJLV8
"Apple MacBook Air M3 Çip 16GB 512GB SSD macOS 15"" Taşınabilir Bilgisayar Gümüş MXD23TU/A",58.099 TL,https://www.hepsiburada.com/apple-macbook-air-m3-cip-16gb-512gb-ssd-macos-15-tasinabilir-bilgisayar-gumus-mxd23tu-a-pm-HBC000062OSET
